[
  {
    "Id": 0,
    "Nome": "João Silva",
    "Idade": 29,
    "FrequenciaSemanal": 5,
    "TempoMedioSessaoMin": 180,
    "PerdasUltimoMes": 2500.0,
    "SinaisAlerta": "Mentiu para família; dívidas",
    "NivelRisco": "Alto",
    "Recomendacao": "Encaminhar para terapia; bloquear apps; limites financeiros",
    "DataUltimaAvaliacao": "2025-09-01"
  },
  {
    "Id": 0,
    "Nome": "Maria Souza",
    "Idade": 34,
    "FrequenciaSemanal": 2,
    "TempoMedioSessaoMin": 60,
    "PerdasUltimoMes": 200.0,
    "SinaisAlerta": "",
    "NivelRisco": "Baixo",
    "Recomendacao": "Educação financeira; hobbies alternativos",
    "DataUltimaAvaliacao": "2025-09-05"
  }
]